Date,Time,Temp1,Temp2,Temp3
12/9/2022, 16:17:28,21.1875,21.1875,21.125
12/9/2022, 16:17:30,21.1875,21.1875,21.125
12/9/2022, 16:17:35,21.1875,21.25,21.1875
12/9/2022, 16:17:40,21.1875,21.1875,21.1875
12/9/2022, 16:17:45,21.25,21.25,21.1875
12/9/2022, 16:17:50,21.25,21.25,21.1875
12/9/2022, 16:17:55,21.25,21.3125,21.1875
12/9/2022, 16:18:0,21.25,21.25,21.1875
12/9/2022, 16:18:5,21.25,21.25,21.1875
12/9/2022, 16:18:10,21.3125,21.3125,21.1875
12/9/2022, 16:18:15,21.25,21.3125,21.1875
12/9/2022, 16:18:20,21.3125,21.3125,21.1875
12/9/2022, 16:18:25,21.3125,21.3125,21.1875
12/9/2022, 16:18:30,21.375,21.3125,21.3125
12/9/2022, 16:18:35,21.375,21.3125,21.25
12/9/2022, 16:18:40,21.375,21.375,21.25
12/9/2022, 16:18:45,21.375,21.3125,21.3125
12/9/2022, 16:18:50,21.4375,21.375,21.3125
12/9/2022, 16:18:55,21.4375,21.375,21.3125
12/9/2022, 16:19:0,21.375,21.375,21.375
12/9/2022, 16:19:5,21.4375,21.375,21.375
12/9/2022, 16:19:10,21.4375,21.5,21.375
12/9/2022, 16:19:15,21.4375,21.4375,21.375
12/9/2022, 16:19:20,21.4375,21.5,21.4375
12/9/2022, 16:19:25,21.4375,21.5625,21.375
12/9/2022, 16:19:30,21.5,21.5,21.375
12/9/2022, 16:19:35,21.5,21.5625,21.4375
12/9/2022, 16:19:40,21.5625,21.5625,21.4375
12/9/2022, 16:19:45,21.5625,21.5625,21.4375
12/9/2022, 16:19:50,21.5625,21.5625,21.5
12/9/2022, 16:19:55,21.625,21.5625,21.5
12/9/2022, 16:20:0,21.625,21.5625,21.5625
12/9/2022, 16:20:5,21.625,21.625,21.5
12/9/2022, 16:20:10,21.6875,21.625,21.5625
12/9/2022, 16:20:15,21.6875,21.625,21.625
12/9/2022, 16:20:20,21.6875,21.6875,21.625
12/9/2022, 16:20:25,21.75,21.6875,21.625
12/9/2022, 16:20:30,21.6875,21.6875,21.5625
12/9/2022, 16:20:35,21.75,21.75,21.625
12/9/2022, 16:20:40,21.75,21.75,21.625
12/9/2022, 16:20:45,21.8125,21.75,21.6875
12/9/2022, 16:20:50,21.75,21.8125,21.6875
12/9/2022, 16:20:55,21.8125,21.8125,21.6875
12/9/2022, 16:21:0,21.8125,21.875,21.75
12/9/2022, 16:21:5,21.8125,21.8125,21.75
12/9/2022, 16:21:10,21.875,21.875,21.75
12/9/2022, 16:21:15,21.875,21.875,21.8125
12/9/2022, 16:21:20,21.9375,21.9375,21.875
12/9/2022, 16:21:25,21.9375,21.9375,21.875
12/9/2022, 16:21:30,22,21.9375,21.8125
12/9/2022, 16:21:35,22,21.9375,21.9375
12/9/2022, 16:21:40,22,22,21.875
12/9/2022, 16:21:45,22,22,21.9375
12/9/2022, 16:21:50,22,22,21.9375
12/9/2022, 16:21:55,22.0625,22.0625,21.9375
12/9/2022, 16:22:0,22.0625,22.0625,21.9375
12/9/2022, 16:22:5,22.0625,22.125,22.0625
12/9/2022, 16:22:10,22.125,22.0625,22.0625
12/9/2022, 16:22:15,22.125,22.125,22.0625
12/9/2022, 16:22:20,22.1875,22.125,22.0625
12/9/2022, 16:22:25,22.1875,22.125,22.0625
12/9/2022, 16:22:30,22.1875,22.1875,22.125
12/9/2022, 16:22:35,22.1875,22.1875,22.125
12/9/2022, 16:22:40,22.25,22.25,22.1875
12/9/2022, 16:22:45,22.25,22.25,22.1875
12/9/2022, 16:22:50,22.25,22.25,22.1875
12/9/2022, 16:22:55,22.3125,22.25,22.1875
12/9/2022, 16:23:0,22.3125,22.25,22.1875
12/9/2022, 16:23:5,22.3125,22.3125,22.3125
12/9/2022, 16:23:10,22.375,22.3125,22.25
12/9/2022, 16:23:15,22.4375,22.375,22.3125
12/9/2022, 16:23:20,22.375,22.375,22.3125
12/9/2022, 16:23:25,22.4375,22.4375,22.3125
12/9/2022, 16:23:30,22.4375,22.4375,22.3125
12/9/2022, 16:23:35,22.5,22.4375,22.375
12/9/2022, 16:23:40,22.5,22.5,22.375
12/9/2022, 16:23:45,22.5,22.5,22.375
12/9/2022, 16:23:50,22.5625,22.5625,22.4375
12/9/2022, 16:23:55,22.5625,22.5625,22.4375
12/9/2022, 16:24:0,22.5625,22.5625,22.4375
12/9/2022, 16:24:5,22.625,22.5625,22.5
12/9/2022, 16:24:10,22.625,22.5625,22.5
12/9/2022, 16:24:15,22.625,22.625,22.5625
12/9/2022, 16:24:20,22.6875,22.625,22.5625
12/9/2022, 16:24:25,22.6875,22.625,22.5625
12/9/2022, 16:24:30,22.6875,22.6875,22.625
12/9/2022, 16:24:35,22.75,22.625,22.625
12/9/2022, 16:24:40,22.6875,22.75,22.6875
12/9/2022, 16:24:45,22.75,22.6875,22.6875
12/9/2022, 16:24:50,22.8125,22.75,22.6875
12/9/2022, 16:24:55,22.8125,22.75,22.6875
12/9/2022, 16:25:0,22.875,22.8125,22.6875
12/9/2022, 16:25:5,22.875,22.8125,22.75
12/9/2022, 16:25:10,22.875,22.8125,22.75
12/9/2022, 16:25:15,22.875,22.875,22.8125
12/9/2022, 16:25:20,22.9375,22.875,22.8125
12/9/2022, 16:25:25,22.9375,22.9375,22.8125
12/9/2022, 16:25:30,22.9375,22.9375,22.875
12/9/2022, 16:25:35,23,22.9375,22.875
12/9/2022, 16:25:40,23,22.9375,22.875
12/9/2022, 16:25:45,23.0625,23,22.9375
12/9/2022, 16:25:50,23,23,23
12/9/2022, 16:25:55,23,23,22.9375
12/9/2022, 16:26:0,23.0625,23.0625,23
12/9/2022, 16:26:5,23.1875,23.0625,22.9375
12/9/2022, 16:26:10,23.125,23.0625,23
12/9/2022, 16:26:15,23.1875,23.125,23.0625
12/9/2022, 16:26:20,23.1875,23.125,23.0625
12/9/2022, 16:26:25,23.25,23.125,23.125
12/9/2022, 16:26:30,23.1875,23.1875,23.125
12/9/2022, 16:26:35,23.25,23.1875,23.125
12/9/2022, 16:26:40,23.25,23.1875,23.125
12/9/2022, 16:26:45,23.3125,23.25,23.1875
12/9/2022, 16:26:50,23.25,23.25,23.25
12/9/2022, 16:26:55,23.3125,23.3125,23.25
12/9/2022, 16:27:0,23.375,23.3125,23.25
12/9/2022, 16:27:5,23.3125,23.375,23.1875
12/9/2022, 16:27:10,23.375,23.375,23.25
12/9/2022, 16:27:15,23.4375,23.375,23.25
12/9/2022, 16:27:20,23.4375,23.375,23.3125
12/9/2022, 16:27:25,23.4375,23.4375,23.3125
12/9/2022, 16:27:30,23.4375,23.4375,23.375
12/9/2022, 16:27:35,23.4375,23.5,23.375
12/9/2022, 16:27:40,23.5,23.4375,23.375
12/9/2022, 16:27:45,23.5,23.5625,23.4375
12/9/2022, 16:27:50,23.5,23.5625,23.4375
12/9/2022, 16:27:55,23.5625,23.5625,23.4375
12/9/2022, 16:28:0,23.5625,23.625,23.5
12/9/2022, 16:28:5,23.625,23.5625,23.5
12/9/2022, 16:28:10,23.625,23.5625,23.5
12/9/2022, 16:28:15,23.625,23.625,23.5625
12/9/2022, 16:28:20,23.625,23.625,23.5625
12/9/2022, 16:28:25,23.6875,23.6875,23.625
12/9/2022, 16:28:30,23.6875,23.75,23.625
12/9/2022, 16:28:35,23.75,23.75,23.625
12/9/2022, 16:28:40,23.75,23.75,23.6875
12/9/2022, 16:28:45,23.8125,23.75,23.6875
12/9/2022, 16:28:50,23.8125,23.75,23.75
12/9/2022, 16:28:55,23.8125,23.8125,23.75
12/9/2022, 16:29:0,23.8125,23.8125,23.75
12/9/2022, 16:29:5,23.875,23.875,23.8125
12/9/2022, 16:29:10,23.875,23.875,23.75
12/9/2022, 16:29:15,23.875,23.9375,23.875
12/9/2022, 16:29:20,23.875,23.875,23.8125
12/9/2022, 16:29:25,23.9375,23.875,23.875
12/9/2022, 16:29:30,23.9375,23.9375,23.9375
12/9/2022, 16:29:35,23.9375,24,23.9375
12/9/2022, 16:29:40,24,24,23.9375
12/9/2022, 16:29:45,24.0625,24,23.9375
12/9/2022, 16:29:50,24.0625,24,23.9375
12/9/2022, 16:29:55,24.125,24.0625,24
12/9/2022, 16:30:0,24.0625,24.0625,24
12/9/2022, 16:30:5,24.125,24.125,24
12/9/2022, 16:30:10,24.125,24.125,24
12/9/2022, 16:30:15,24.1875,24.125,24.0625
12/9/2022, 16:30:20,24.1875,24.125,24.125
12/9/2022, 16:30:25,24.25,24.1875,24.0625
12/9/2022, 16:30:30,24.1875,24.1875,24.125
12/9/2022, 16:30:35,24.25,24.1875,24.1875
12/9/2022, 16:30:40,24.25,24.25,24.125
12/9/2022, 16:30:45,24.3125,24.25,24.1875
12/9/2022, 16:30:50,24.375,24.3125,24.25
12/9/2022, 16:30:55,24.3125,24.3125,24.25
12/9/2022, 16:31:0,24.375,24.3125,24.25
12/9/2022, 16:31:5,24.375,24.3125,24.3125
12/9/2022, 16:31:10,24.375,24.375,24.3125
12/9/2022, 16:31:15,24.4375,24.4375,24.3125
12/9/2022, 16:31:20,24.4375,24.4375,24.375
12/9/2022, 16:31:25,24.5,24.4375,24.375
12/9/2022, 16:31:30,24.5,24.4375,24.375
12/9/2022, 16:31:35,24.5,24.5,24.4375
12/9/2022, 16:31:40,24.5625,24.5,24.4375
12/9/2022, 16:31:45,24.5625,24.5625,24.5
12/9/2022, 16:31:50,24.5625,24.5,24.4375
12/9/2022, 16:31:55,24.5625,24.5625,24.5
12/9/2022, 16:32:0,24.625,24.5625,24.4375
12/9/2022, 16:32:5,24.625,24.5625,24.5
12/9/2022, 16:32:10,24.625,24.625,24.5
12/9/2022, 16:32:15,24.6875,24.6875,24.5625
12/9/2022, 16:32:20,24.6875,24.625,24.5625
12/9/2022, 16:32:25,24.75,24.6875,24.5625
12/9/2022, 16:32:30,24.75,24.6875,24.5625
12/9/2022, 16:32:35,24.75,24.75,24.6875
12/9/2022, 16:32:40,24.75,24.75,24.625
12/9/2022, 16:32:45,24.8125,24.75,24.6875
12/9/2022, 16:32:50,24.8125,24.8125,24.75
12/9/2022, 16:32:55,24.8125,24.8125,24.75
12/9/2022, 16:33:0,24.8125,24.8125,24.75
12/9/2022, 16:33:5,24.875,24.875,24.8125
12/9/2022, 16:33:10,24.875,24.875,24.75
12/9/2022, 16:33:15,24.9375,24.9375,24.8125
12/9/2022, 16:33:20,24.9375,24.9375,24.8125
12/9/2022, 16:33:25,24.9375,24.875,24.8125
12/9/2022, 16:33:30,25,24.9375,24.875
12/9/2022, 16:33:35,25,24.9375,24.875
12/9/2022, 16:33:40,25,25,24.9375
12/9/2022, 16:33:45,25.0625,25,24.875
12/9/2022, 16:33:50,25.0625,25.0625,24.9375
12/9/2022, 16:33:55,25.125,25.0625,24.9375
12/9/2022, 16:34:0,25.125,25.0625,25
12/9/2022, 16:34:5,25.125,25.125,25.0625
12/9/2022, 16:34:10,25.125,25.125,25.0625
12/9/2022, 16:34:15,25.1875,25.125,25.0625
12/9/2022, 16:34:20,25.1875,25.125,25.125
12/9/2022, 16:34:25,25.1875,25.1875,25.0625
12/9/2022, 16:34:30,25.25,25.1875,25.125
12/9/2022, 16:34:35,25.25,25.25,25.125
12/9/2022, 16:34:40,25.3125,25.25,25.125
12/9/2022, 16:34:45,25.3125,25.3125,25.125
12/9/2022, 16:34:50,25.3125,25.25,25.25
12/9/2022, 16:34:55,25.3125,25.375,25.25
12/9/2022, 16:35:0,25.375,25.3125,25.1875
12/9/2022, 16:35:5,25.375,25.3125,25.3125
12/9/2022, 16:35:10,25.375,25.3125,25.3125
12/9/2022, 16:35:15,25.4375,25.375,25.3125
12/9/2022, 16:35:20,25.4375,25.375,25.3125
12/9/2022, 16:35:25,25.4375,25.4375,25.3125
12/9/2022, 16:35:30,25.5,25.5,25.375
12/9/2022, 16:35:35,25.5,25.5,25.4375
12/9/2022, 16:35:40,25.5,25.5,25.375
12/9/2022, 16:35:45,25.5,25.5,25.4375
12/9/2022, 16:35:50,25.5625,25.5,25.4375
12/9/2022, 16:35:55,25.625,25.5,25.4375
12/9/2022, 16:36:0,25.625,25.5625,25.5
12/9/2022, 16:36:5,25.625,25.625,25.5
12/9/2022, 16:36:10,25.625,25.5625,25.5
12/9/2022, 16:36:15,25.625,25.625,25.5625
12/9/2022, 16:36:20,25.6875,25.625,25.625
12/9/2022, 16:36:25,25.6875,25.6875,25.5625
12/9/2022, 16:36:30,25.75,25.6875,25.5625
12/9/2022, 16:36:35,25.75,25.6875,25.625
12/9/2022, 16:36:40,25.75,25.75,25.6875
12/9/2022, 16:36:45,25.75,25.75,25.6875
12/9/2022, 16:36:50,25.8125,25.8125,25.6875
12/9/2022, 16:36:55,25.8125,25.8125,25.75
12/9/2022, 16:37:0,25.875,25.875,25.75
12/9/2022, 16:37:5,25.875,25.8125,25.75
12/9/2022, 16:37:10,25.875,25.875,25.75
12/9/2022, 16:37:15,25.875,25.875,25.8125
12/9/2022, 16:37:20,25.875,25.875,25.8125
12/9/2022, 16:37:25,25.9375,25.9375,25.8125
12/9/2022, 16:37:30,25.9375,25.9375,25.875
12/9/2022, 16:37:35,26.0625,26,25.9375
12/9/2022, 16:37:40,26,26,25.875
12/9/2022, 16:37:45,26.0625,26.0625,25.9375
12/9/2022, 16:37:50,26.0625,26,25.875
12/9/2022, 16:37:55,26.0625,26.0625,25.9375
12/9/2022, 16:38:0,26.0625,26.0625,25.9375
12/9/2022, 16:38:5,26.0625,26.125,26
12/9/2022, 16:38:10,26.125,26.125,26
12/9/2022, 16:38:15,26.1875,26.125,26
12/9/2022, 16:38:20,26.125,26.125,26
12/9/2022, 16:38:25,26.1875,26.1875,26.0625
12/9/2022, 16:38:30,26.25,26.1875,26.0625
12/9/2022, 16:38:35,26.1875,26.1875,26.125
12/9/2022, 16:38:40,26.25,26.25,26.125
12/9/2022, 16:38:45,26.25,26.25,26.125
12/9/2022, 16:38:50,26.3125,26.25,26.1875
12/9/2022, 16:38:55,26.3125,26.3125,26.1875
12/9/2022, 16:39:0,26.3125,26.3125,26.1875
12/9/2022, 16:39:5,26.3125,26.3125,26.25
12/9/2022, 16:39:10,26.375,26.3125,26.25
12/9/2022, 16:39:15,26.375,26.3125,26.25
12/9/2022, 16:39:20,26.375,26.375,26.25
12/9/2022, 16:39:25,26.375,26.375,26.3125
12/9/2022, 16:39:30,26.5,26.4375,26.3125
12/9/2022, 16:39:35,26.5,26.4375,26.3125
12/9/2022, 16:39:40,26.4375,26.4375,26.375
12/9/2022, 16:39:45,26.5,26.4375,26.375
12/9/2022, 16:39:50,26.5,26.5,26.4375
12/9/2022, 16:39:55,26.5,26.5,26.4375
12/9/2022, 16:40:0,26.5625,26.5625,26.4375
12/9/2022, 16:40:5,26.5625,26.5,26.5
12/9/2022, 16:40:10,26.5625,26.5625,26.5
12/9/2022, 16:40:15,26.625,26.625,26.5
12/9/2022, 16:40:20,26.6875,26.5625,26.5625
12/9/2022, 16:40:25,26.625,26.625,26.5625
12/9/2022, 16:40:30,26.625,26.625,26.5625
12/9/2022, 16:40:35,26.6875,26.6875,26.625
12/9/2022, 16:40:40,26.6875,26.6875,26.625
12/9/2022, 16:40:45,26.75,26.6875,26.625
12/9/2022, 16:40:50,26.75,26.75,26.625
12/9/2022, 16:40:55,26.75,26.75,26.625
12/9/2022, 16:41:0,26.8125,26.75,26.6875
12/9/2022, 16:41:5,26.875,26.8125,26.6875
12/9/2022, 16:41:10,26.8125,26.75,26.75
12/9/2022, 16:41:15,26.875,26.875,26.6875
12/9/2022, 16:41:20,26.875,26.875,26.75
12/9/2022, 16:41:25,26.875,26.875,26.75
12/9/2022, 16:41:30,26.875,26.875,26.75
12/9/2022, 16:41:35,26.9375,26.875,26.75
12/9/2022, 16:41:40,26.9375,26.875,26.875
12/9/2022, 16:41:45,26.9375,26.9375,26.875
12/9/2022, 16:41:50,26.9375,27,26.875
12/9/2022, 16:41:55,27,27,26.875
12/9/2022, 16:42:0,27,27,26.875
12/9/2022, 16:42:5,27.0625,27,26.875
12/9/2022, 16:42:10,27.0625,27.0625,26.9375
12/9/2022, 16:42:15,27,27.0625,26.9375
12/9/2022, 16:42:20,27.125,27.0625,26.9375
12/9/2022, 16:42:25,27.125,27.125,27
12/9/2022, 16:42:30,27.125,27.0625,27
12/9/2022, 16:42:35,27.125,27.125,27.0625
12/9/2022, 16:42:40,27.1875,27.125,27.0625
12/9/2022, 16:42:45,27.1875,27.125,27.125
12/9/2022, 16:42:50,27.1875,27.25,27.125
12/9/2022, 16:42:55,27.1875,27.1875,27.125
12/9/2022, 16:43:0,27.25,27.25,27.125
12/9/2022, 16:43:5,27.25,27.25,27.125
12/9/2022, 16:43:10,27.3125,27.25,27.125
12/9/2022, 16:43:15,27.25,27.3125,27.1875
12/9/2022, 16:43:20,27.375,27.3125,27.25
12/9/2022, 16:43:25,27.3125,27.3125,27.1875
12/9/2022, 16:43:30,27.3125,27.3125,27.25
12/9/2022, 16:43:35,27.375,27.375,27.25
12/9/2022, 16:43:40,27.375,27.375,27.25
12/9/2022, 16:43:45,27.4375,27.375,27.25
12/9/2022, 16:43:50,27.4375,27.375,27.3125
12/9/2022, 16:43:55,27.4375,27.4375,27.3125
12/9/2022, 16:44:0,27.5,27.4375,27.375
12/9/2022, 16:44:5,27.5,27.4375,27.3125
12/9/2022, 16:44:10,27.5,27.5625,27.375
12/9/2022, 16:44:15,27.5,27.5,27.4375
12/9/2022, 16:44:20,27.5625,27.5,27.4375
12/9/2022, 16:44:25,27.5625,27.5625,27.4375
12/9/2022, 16:44:30,27.5625,27.5625,27.4375
12/9/2022, 16:44:35,27.625,27.5625,27.4375
12/9/2022, 16:44:40,27.625,27.5625,27.5
12/9/2022, 16:44:45,27.625,27.625,27.5
12/9/2022, 16:44:50,27.6875,27.625,27.5625
12/9/2022, 16:44:55,27.6875,27.625,27.5625
12/9/2022, 16:45:0,27.6875,27.6875,27.5625
12/9/2022, 16:45:5,27.6875,27.6875,27.5625
12/9/2022, 16:45:10,27.75,27.6875,27.5625
12/9/2022, 16:45:15,27.75,27.75,27.625
12/9/2022, 16:45:20,27.8125,27.75,27.625
12/9/2022, 16:45:25,27.8125,27.75,27.6875
12/9/2022, 16:45:30,27.8125,27.8125,27.75
12/9/2022, 16:45:35,27.8125,27.8125,27.6875
12/9/2022, 16:45:40,27.8125,27.8125,27.75
12/9/2022, 16:45:45,27.875,27.8125,27.75
12/9/2022, 16:45:50,27.875,27.875,27.75
12/9/2022, 16:45:55,27.875,27.9375,27.8125
12/9/2022, 16:46:0,27.9375,27.875,27.75
12/9/2022, 16:46:5,27.9375,27.875,27.8125
12/9/2022, 16:46:10,28,27.9375,27.875
12/9/2022, 16:46:15,28,27.9375,27.875
12/9/2022, 16:46:20,27.9375,27.9375,27.8125
12/9/2022, 16:46:25,28,28,27.875
12/9/2022, 16:46:30,28.0625,28.0625,27.875
12/9/2022, 16:46:35,28.0625,28.0625,27.9375
12/9/2022, 16:46:40,28.0625,28.0625,27.9375
12/9/2022, 16:46:45,28.0625,28.0625,27.9375
12/9/2022, 16:46:50,28.125,28.0625,28
12/9/2022, 16:46:55,28.125,28.0625,28
12/9/2022, 16:47:0,28.125,28.125,28
12/9/2022, 16:47:5,28.1875,28.125,28.0625
12/9/2022, 16:47:10,28.1875,28.1875,28.0625
12/9/2022, 16:47:15,28.25,28.1875,28.0625
12/9/2022, 16:47:20,28.1875,28.25,28.0625
12/9/2022, 16:47:25,28.25,28.25,28.0625
12/9/2022, 16:47:30,28.25,28.25,28.125
12/9/2022, 16:47:35,28.25,28.25,28.125
12/9/2022, 16:47:40,28.3125,28.3125,28.125
12/9/2022, 16:47:45,28.3125,28.3125,28.1875
12/9/2022, 16:47:50,28.3125,28.3125,28.25
12/9/2022, 16:47:55,28.375,28.3125,28.1875
12/9/2022, 16:48:0,28.375,28.3125,28.25
12/9/2022, 16:48:5,28.375,28.375,28.25
12/9/2022, 16:48:10,28.375,28.375,28.25
12/9/2022, 16:48:15,28.4375,28.4375,28.25
12/9/2022, 16:48:20,28.4375,28.4375,28.375
12/9/2022, 16:48:25,28.5,28.4375,28.375
12/9/2022, 16:48:30,28.5,28.4375,28.375
12/9/2022, 16:48:35,28.4375,28.4375,28.375
12/9/2022, 16:48:40,28.5,28.5,28.375
12/9/2022, 16:48:45,28.5625,28.5625,28.375
12/9/2022, 16:48:50,28.5,28.5,28.4375
12/9/2022, 16:48:55,28.5625,28.5625,28.4375
12/9/2022, 16:49:0,28.5625,28.625,28.4375
12/9/2022, 16:49:5,28.625,28.625,28.4375
12/9/2022, 16:49:10,28.625,28.5625,28.5625
12/9/2022, 16:49:15,28.6875,28.625,28.5
12/9/2022, 16:49:20,28.6875,28.6875,28.5625
12/9/2022, 16:49:25,28.625,28.6875,28.5625
12/9/2022, 16:49:30,28.6875,28.6875,28.5625
12/9/2022, 16:49:35,28.75,28.6875,28.625
12/9/2022, 16:49:40,28.75,28.6875,28.625
12/9/2022, 16:49:45,28.75,28.75,28.5625
12/9/2022, 16:49:50,28.75,28.75,28.625
12/9/2022, 16:49:55,28.8125,28.75,28.6875
12/9/2022, 16:50:0,28.8125,28.8125,28.625
12/9/2022, 16:50:5,28.8125,28.8125,28.6875
12/9/2022, 16:50:10,28.875,28.8125,28.6875
12/9/2022, 16:50:15,28.875,28.8125,28.75
12/9/2022, 16:50:20,28.875,28.875,28.75
12/9/2022, 16:50:25,28.875,28.875,28.8125
12/9/2022, 16:50:30,28.9375,28.9375,28.8125
12/9/2022, 16:50:35,28.9375,28.9375,28.8125
12/9/2022, 16:50:40,28.9375,28.9375,28.8125
12/9/2022, 16:50:45,29,29,28.875
12/9/2022, 16:50:50,29,28.9375,28.875
12/9/2022, 16:50:55,29.0625,29,28.875
12/9/2022, 16:51:0,29,29,28.9375
12/9/2022, 16:51:5,29.0625,29.0625,28.9375
12/9/2022, 16:51:10,29.0625,29.0625,28.9375
12/9/2022, 16:51:15,29.0625,29.0625,28.9375
12/9/2022, 16:51:20,29.125,29.0625,28.9375
12/9/2022, 16:51:25,29.125,29.125,28.9375
12/9/2022, 16:51:30,29.125,29.0625,29
12/9/2022, 16:51:35,29.1875,29.1875,29.0625
12/9/2022, 16:51:40,29.1875,29.125,29
12/9/2022, 16:51:45,29.1875,29.1875,29.0625
12/9/2022, 16:51:50,29.1875,29.1875,29.0625
12/9/2022, 16:51:55,29.1875,29.25,29.0625
12/9/2022, 16:52:0,29.25,29.25,29.125
12/9/2022, 16:52:5,29.25,29.25,29.125
12/9/2022, 16:52:10,29.3125,29.25,29.125
12/9/2022, 16:52:15,29.3125,29.3125,29.1875
12/9/2022, 16:52:20,29.3125,29.3125,29.1875
12/9/2022, 16:52:25,29.3125,29.375,29.1875
12/9/2022, 16:52:30,29.3125,29.375,29.25
12/9/2022, 16:52:35,29.375,29.375,29.25
12/9/2022, 16:52:40,29.375,29.375,29.25
12/9/2022, 16:52:45,29.375,29.375,29.25
12/9/2022, 16:52:50,29.4375,29.4375,29.3125
12/9/2022, 16:52:55,29.4375,29.4375,29.3125
12/9/2022, 16:53:0,29.4375,29.5,29.3125
12/9/2022, 16:53:5,29.5,29.5,29.3125
12/9/2022, 16:53:10,29.5,29.5,29.375
12/9/2022, 16:53:15,29.5,29.5,29.375
12/9/2022, 16:53:20,29.5,29.5625,29.375
12/9/2022, 16:53:25,29.5625,29.5625,29.375
12/9/2022, 16:53:30,29.5625,29.5625,29.4375
12/9/2022, 16:53:35,29.5625,29.5625,29.4375
12/9/2022, 16:53:40,29.625,29.5625,29.4375
12/9/2022, 16:53:45,29.5625,29.625,29.5
12/9/2022, 16:53:50,29.6875,29.625,29.5
12/9/2022, 16:53:55,29.6875,29.6875,29.5
12/9/2022, 16:54:0,29.6875,29.6875,29.5625
12/9/2022, 16:54:5,29.6875,29.6875,29.5625
12/9/2022, 16:54:10,29.6875,29.6875,29.5625
12/9/2022, 16:54:15,29.75,29.6875,29.5625
12/9/2022, 16:54:20,29.75,29.6875,29.625
12/9/2022, 16:54:25,29.75,29.6875,29.6875
12/9/2022, 16:54:30,29.75,29.75,29.625
12/9/2022, 16:54:35,29.75,29.75,29.6875
12/9/2022, 16:54:40,29.875,29.75,29.6875
12/9/2022, 16:54:45,29.875,29.8125,29.75
12/9/2022, 16:54:50,29.875,29.8125,29.6875
12/9/2022, 16:54:55,29.9375,29.875,29.75
12/9/2022, 16:55:0,29.875,29.8125,29.75
12/9/2022, 16:55:5,29.9375,29.875,29.8125
12/9/2022, 16:55:10,29.9375,29.875,29.8125
12/9/2022, 16:55:15,29.9375,29.9375,29.8125
12/9/2022, 16:55:20,30,29.9375,29.8125
12/9/2022, 16:55:25,29.9375,29.9375,29.875
12/9/2022, 16:55:30,30,29.9375,29.875
12/9/2022, 16:55:35,30,30,29.875
12/9/2022, 16:55:40,30.0625,30,29.875
12/9/2022, 16:55:45,30.0625,30.0625,29.875
12/9/2022, 16:55:50,30.0625,30.0625,29.875
12/9/2022, 16:55:55,30.0625,30.0625,29.9375
12/9/2022, 16:56:0,30.125,30.0625,30
12/9/2022, 16:56:5,30.125,30.125,30
12/9/2022, 16:56:10,30.125,30.0625,30
12/9/2022, 16:56:15,30.125,30.125,30
12/9/2022, 16:56:20,30.1875,30.125,30
12/9/2022, 16:56:25,30.25,30.125,30.0625
12/9/2022, 16:56:30,30.25,30.1875,30.125
12/9/2022, 16:56:35,30.25,30.1875,30.125
12/9/2022, 16:56:40,30.25,30.1875,30.125
12/9/2022, 16:56:45,30.25,30.1875,30.125
12/9/2022, 16:56:50,30.25,30.1875,30.125
12/9/2022, 16:56:55,30.3125,30.25,30.125
12/9/2022, 16:57:0,30.375,30.3125,30.1875
12/9/2022, 16:57:5,30.375,30.3125,30.1875
12/9/2022, 16:57:10,30.375,30.25,30.1875
12/9/2022, 16:57:15,30.375,30.3125,30.25
12/9/2022, 16:57:20,30.375,30.3125,30.25
12/9/2022, 16:57:25,30.4375,30.375,30.25
12/9/2022, 16:57:30,30.4375,30.375,30.3125
12/9/2022, 16:57:35,30.4375,30.375,30.3125
12/9/2022, 16:57:40,30.4375,30.4375,30.3125
12/9/2022, 16:57:45,30.5,30.375,30.3125
12/9/2022, 16:57:50,30.5,30.4375,30.375
12/9/2022, 16:57:55,30.5,30.5,30.375
12/9/2022, 16:58:0,30.5625,30.4375,30.375
12/9/2022, 16:58:5,30.5625,30.5,30.375
12/9/2022, 16:58:10,30.5625,30.5,30.4375
12/9/2022, 16:58:15,30.5625,30.5,30.4375
12/9/2022, 16:58:20,30.625,30.5625,30.4375
12/9/2022, 16:58:25,30.625,30.5625,30.5
12/9/2022, 16:58:30,30.625,30.5625,30.5
12/9/2022, 16:58:35,30.6875,30.625,30.5
12/9/2022, 16:58:40,30.625,30.625,30.5625
12/9/2022, 16:58:45,30.6875,30.625,30.5625
12/9/2022, 16:58:50,30.6875,30.6875,30.5625
12/9/2022, 16:58:55,30.75,30.6875,30.5625
12/9/2022, 16:59:0,30.75,30.6875,30.625
12/9/2022, 16:59:5,30.75,30.75,30.625
12/9/2022, 16:59:10,30.8125,30.75,30.6875
12/9/2022, 16:59:15,30.8125,30.75,30.6875
12/9/2022, 16:59:20,30.8125,30.8125,30.625
12/9/2022, 16:59:25,30.8125,30.8125,30.6875
12/9/2022, 16:59:30,30.875,30.8125,30.6875
12/9/2022, 16:59:35,30.875,30.875,30.75
12/9/2022, 16:59:40,30.875,30.875,30.75
12/9/2022, 16:59:45,30.9375,30.875,30.75
12/9/2022, 16:59:50,30.875,30.9375,30.8125
12/9/2022, 16:59:55,30.9375,30.875,30.8125
12/9/2022, 17:0:0,30.9375,30.9375,30.8125
12/9/2022, 17:0:5,31,30.9375,30.875
12/9/2022, 17:0:10,31,30.9375,30.875
12/9/2022, 17:0:15,31,31,30.875
12/9/2022, 17:0:20,31,31,30.875
12/9/2022, 17:0:25,31.0625,31.0625,30.9375
12/9/2022, 17:0:30,31.0625,31.0625,30.9375
12/9/2022, 17:0:35,31.0625,31.0625,30.9375
12/9/2022, 17:0:40,31.125,31.0625,30.9375
12/9/2022, 17:0:45,31.125,31.125,30.9375
12/9/2022, 17:0:50,31.1875,31.125,31
12/9/2022, 17:0:55,31.1875,31.125,31
12/9/2022, 17:1:0,31.25,31.125,31.0625
12/9/2022, 17:1:5,31.1875,31.1875,31.0625
12/9/2022, 17:1:10,31.1875,31.1875,31.0625
12/9/2022, 17:1:15,31.25,31.1875,31.125
12/9/2022, 17:1:20,31.25,31.25,31.125
12/9/2022, 17:1:25,31.25,31.25,31.125
12/9/2022, 17:1:30,31.25,31.25,31.125
12/9/2022, 17:1:35,31.3125,31.25,31.1875
12/9/2022, 17:1:40,31.3125,31.3125,31.1875
12/9/2022, 17:1:45,31.3125,31.25,31.1875
12/9/2022, 17:1:50,31.375,31.375,31.25
12/9/2022, 17:1:55,31.4375,31.3125,31.25
12/9/2022, 17:2:0,31.375,31.3125,31.25
12/9/2022, 17:2:5,31.4375,31.375,31.3125
12/9/2022, 17:2:10,31.4375,31.375,31.3125
12/9/2022, 17:2:15,31.5,31.4375,31.3125
12/9/2022, 17:2:20,31.4375,31.4375,31.375
12/9/2022, 17:2:25,31.4375,31.4375,31.375
12/9/2022, 17:2:30,31.5,31.5,31.375
12/9/2022, 17:2:35,31.5625,31.5,31.375
12/9/2022, 17:2:40,31.5625,31.5,31.4375
12/9/2022, 17:2:45,31.5625,31.5,31.4375
12/9/2022, 17:2:50,31.5625,31.5625,31.4375
12/9/2022, 17:2:55,31.5625,31.5625,31.4375
12/9/2022, 17:3:0,31.625,31.625,31.5
12/9/2022, 17:3:5,31.625,31.5625,31.5
12/9/2022, 17:3:10,31.625,31.5625,31.5625
12/9/2022, 17:3:15,31.6875,31.625,31.5
12/9/2022, 17:3:20,31.625,31.625,31.5625
12/9/2022, 17:3:25,31.75,31.6875,31.5625
12/9/2022, 17:3:30,31.6875,31.6875,31.5625
12/9/2022, 17:3:35,31.6875,31.75,31.5625
12/9/2022, 17:3:40,31.6875,31.6875,31.625
12/9/2022, 17:3:45,31.75,31.75,31.6875
12/9/2022, 17:3:50,31.8125,31.8125,31.625
12/9/2022, 17:3:55,31.8125,31.75,31.625
12/9/2022, 17:4:0,31.8125,31.75,31.6875
12/9/2022, 17:4:5,31.8125,31.8125,31.6875
12/9/2022, 17:4:10,31.875,31.8125,31.75
12/9/2022, 17:4:15,31.875,31.8125,31.75
12/9/2022, 17:4:20,31.875,31.875,31.75
12/9/2022, 17:4:25,31.9375,31.875,31.8125
12/9/2022, 17:4:30,31.9375,31.875,31.8125
12/9/2022, 17:4:35,31.9375,31.9375,31.8125
12/9/2022, 17:4:40,32,31.9375,31.875
12/9/2022, 17:4:45,32,31.9375,31.875
12/9/2022, 17:4:50,32,31.9375,31.875
12/9/2022, 17:4:55,32,31.9375,31.875
12/9/2022, 17:5:0,32.0625,32,31.9375
12/9/2022, 17:5:5,32.0625,32,31.9375
12/9/2022, 17:5:10,32,32.0625,31.9375
12/9/2022, 17:5:15,32.0625,32.0625,31.9375
12/9/2022, 17:5:20,32.0625,32.125,32
12/9/2022, 17:5:25,32.125,32.0625,32
12/9/2022, 17:5:30,32.125,32.0625,32
12/9/2022, 17:5:35,32.125,32.125,32.0625
12/9/2022, 17:5:40,32.25,32.1875,32
12/9/2022, 17:5:45,32.125,32.1875,32.0625
12/9/2022, 17:5:50,32.25,32.1875,32.0625
12/9/2022, 17:5:55,32.25,32.1875,32.0625
12/9/2022, 17:6:0,32.25,32.25,32.125
12/9/2022, 17:6:5,32.25,32.1875,32.125
12/9/2022, 17:6:10,32.25,32.25,32.125
12/9/2022, 17:6:15,32.25,32.3125,32.125
12/9/2022, 17:6:20,32.3125,32.25,32.1875
12/9/2022, 17:6:25,32.3125,32.3125,32.1875
12/9/2022, 17:6:30,32.3125,32.3125,32.1875
12/9/2022, 17:6:35,32.375,32.3125,32.25
12/9/2022, 17:6:40,32.375,32.375,32.25
12/9/2022, 17:6:45,32.375,32.3125,32.25
12/9/2022, 17:6:50,32.375,32.4375,32.25
12/9/2022, 17:6:55,32.4375,32.4375,32.25
12/9/2022, 17:7:0,32.4375,32.4375,32.3125
12/9/2022, 17:7:5,32.4375,32.4375,32.375
12/9/2022, 17:7:10,32.5,32.4375,32.3125
12/9/2022, 17:7:15,32.5,32.4375,32.375
12/9/2022, 17:7:20,32.5,32.5,32.4375
12/9/2022, 17:7:25,32.5625,32.5,32.4375
12/9/2022, 17:7:30,32.5625,32.5625,32.4375
12/9/2022, 17:7:35,32.5625,32.5625,32.4375
12/9/2022, 17:7:40,32.5625,32.5625,32.4375
12/9/2022, 17:7:45,32.625,32.625,32.5
12/9/2022, 17:7:50,32.625,32.5625,32.5
12/9/2022, 17:7:55,32.6875,32.625,32.5
12/9/2022, 17:8:0,32.6875,32.625,32.5625
12/9/2022, 17:8:5,32.6875,32.625,32.5625
12/9/2022, 17:8:10,32.6875,32.6875,32.5625
12/9/2022, 17:8:15,32.6875,32.6875,32.5625
12/9/2022, 17:8:20,32.6875,32.75,32.625
12/9/2022, 17:8:25,32.75,32.6875,32.625
12/9/2022, 17:8:30,32.75,32.75,32.625
12/9/2022, 17:8:35,32.8125,32.75,32.625
12/9/2022, 17:8:40,32.75,32.8125,32.625
12/9/2022, 17:8:45,32.8125,32.8125,32.625
12/9/2022, 17:8:50,32.875,32.875,32.6875
12/9/2022, 17:8:55,32.875,32.8125,32.75
12/9/2022, 17:9:0,32.8125,32.8125,32.75
12/9/2022, 17:9:5,32.875,32.875,32.8125
12/9/2022, 17:9:10,32.875,32.875,32.75
12/9/2022, 17:9:15,32.9375,32.875,32.75
12/9/2022, 17:9:20,32.9375,32.9375,32.8125
12/9/2022, 17:9:25,33,32.9375,32.8125
12/9/2022, 17:9:30,33,32.9375,32.875
12/9/2022, 17:9:35,33,32.9375,32.8125
12/9/2022, 17:9:40,33,32.9375,32.8125
12/9/2022, 17:9:45,33,32.9375,32.9375
12/9/2022, 17:9:50,33.0625,33.0625,32.875
12/9/2022, 17:9:55,33.0625,33.0625,32.9375
12/9/2022, 17:10:0,33.0625,33.0625,32.9375
12/9/2022, 17:10:5,33.0625,33.0625,32.9375
12/9/2022, 17:10:10,33.0625,33.0625,32.9375
12/9/2022, 17:10:15,33.0625,33.0625,32.9375
12/9/2022, 17:10:20,33.125,33.125,33
12/9/2022, 17:10:25,33.125,33.125,33
12/9/2022, 17:10:30,33.1875,33.125,33.0625
12/9/2022, 17:10:35,33.25,33.1875,33.0625
12/9/2022, 17:10:40,33.1875,33.1875,33.0625
12/9/2022, 17:10:45,33.25,33.1875,33.0625
12/9/2022, 17:10:50,33.25,33.1875,33.125
12/9/2022, 17:10:55,33.3125,33.1875,33.0625
12/9/2022, 17:11:0,33.25,33.25,33.1875
12/9/2022, 17:11:5,33.3125,33.25,33.125
12/9/2022, 17:11:10,33.3125,33.25,33.1875
12/9/2022, 17:11:15,33.3125,33.3125,33.1875
12/9/2022, 17:11:20,33.375,33.3125,33.1875
12/9/2022, 17:11:25,33.375,33.3125,33.1875
12/9/2022, 17:11:30,33.375,33.3125,33.25
12/9/2022, 17:11:35,33.375,33.3125,33.25
12/9/2022, 17:11:40,33.4375,33.375,33.25
12/9/2022, 17:11:45,33.4375,33.375,33.3125
12/9/2022, 17:11:50,33.5,33.375,33.25
12/9/2022, 17:11:55,33.5,33.4375,33.25
12/9/2022, 17:12:0,33.5,33.4375,33.3125
12/9/2022, 17:12:5,33.4375,33.4375,33.375
12/9/2022, 17:12:10,33.5625,33.5,33.375
12/9/2022, 17:12:15,33.5,33.5,33.375
12/9/2022, 17:12:20,33.5625,33.5,33.4375
12/9/2022, 17:12:25,33.5625,33.5,33.4375
12/9/2022, 17:12:30,33.5625,33.5625,33.4375
12/9/2022, 17:12:35,33.5625,33.5625,33.4375
12/9/2022, 17:12:40,33.5625,33.5625,33.4375
12/9/2022, 17:12:45,33.625,33.5625,33.4375
12/9/2022, 17:12:50,33.625,33.625,33.4375
12/9/2022, 17:12:55,33.6875,33.625,33.5
12/9/2022, 17:13:0,33.625,33.625,33.5625
12/9/2022, 17:13:5,33.6875,33.625,33.5
12/9/2022, 17:13:10,33.6875,33.625,33.5625
12/9/2022, 17:13:15,33.6875,33.6875,33.5625
12/9/2022, 17:13:20,33.75,33.6875,33.5625
12/9/2022, 17:13:25,33.75,33.6875,33.5625
12/9/2022, 17:13:30,33.75,33.75,33.5625
12/9/2022, 17:13:35,33.8125,33.6875,33.625
12/9/2022, 17:13:40,33.8125,33.75,33.5625
12/9/2022, 17:13:45,33.8125,33.75,33.625
12/9/2022, 17:13:50,33.8125,33.75,33.625
12/9/2022, 17:13:55,33.875,33.8125,33.6875
12/9/2022, 17:14:0,33.875,33.8125,33.6875
12/9/2022, 17:14:5,33.875,33.8125,33.75
12/9/2022, 17:14:10,33.875,33.8125,33.6875
12/9/2022, 17:14:15,33.875,33.8125,33.6875
12/9/2022, 17:14:20,33.9375,33.875,33.75
12/9/2022, 17:14:25,33.9375,33.875,33.75
12/9/2022, 17:14:30,33.9375,33.9375,33.8125
12/9/2022, 17:14:35,34,33.9375,33.8125
12/9/2022, 17:14:40,34,33.9375,33.75
12/9/2022, 17:14:45,34,33.9375,33.875
12/9/2022, 17:14:50,34,33.9375,33.875
12/9/2022, 17:14:55,34.0625,33.9375,33.875
12/9/2022, 17:15:0,34.0625,34,33.875
12/9/2022, 17:15:5,34.0625,34,33.9375
12/9/2022, 17:15:10,34.125,34.0625,33.875
12/9/2022, 17:15:15,34.125,34.0625,33.9375
12/9/2022, 17:15:20,34.125,34.0625,33.9375
12/9/2022, 17:15:25,34.125,34.0625,33.9375
12/9/2022, 17:15:30,34.125,34.0625,33.9375
12/9/2022, 17:15:35,34.1875,34.0625,34
12/9/2022, 17:15:40,34.1875,34.125,34.0625
12/9/2022, 17:15:45,34.1875,34.1875,34.0625
12/9/2022, 17:15:50,34.25,34.125,34.0625
12/9/2022, 17:15:55,34.25,34.125,34.0625
12/9/2022, 17:16:0,34.25,34.1875,34.0625
12/9/2022, 17:16:5,34.25,34.1875,34.0625
12/9/2022, 17:16:10,34.25,34.1875,34.125
12/9/2022, 17:16:15,34.3125,34.25,34.125
12/9/2022, 17:16:20,34.25,34.25,34.125
12/9/2022, 17:16:25,34.3125,34.25,34.125
12/9/2022, 17:16:30,34.3125,34.25,34.1875
12/9/2022, 17:16:35,34.375,34.3125,34.1875
12/9/2022, 17:16:40,34.3125,34.3125,34.1875
12/9/2022, 17:16:45,34.3125,34.3125,34.1875
12/9/2022, 17:16:50,34.375,34.3125,34.1875
12/9/2022, 17:16:55,34.375,34.375,34.25
12/9/2022, 17:17:0,34.375,34.3125,34.25
12/9/2022, 17:17:5,34.4375,34.3125,34.25
12/9/2022, 17:17:10,34.4375,34.375,34.25
12/9/2022, 17:17:15,34.4375,34.375,34.3125
12/9/2022, 17:17:20,34.4375,34.4375,34.375
12/9/2022, 17:17:25,34.4375,34.4375,34.3125
12/9/2022, 17:17:30,34.4375,34.4375,34.3125
12/9/2022, 17:17:35,34.5,34.5,34.375
12/9/2022, 17:17:40,34.5625,34.5,34.375
12/9/2022, 17:17:45,34.5625,34.5,34.375
12/9/2022, 17:17:50,34.5625,34.5,34.375
12/9/2022, 17:17:55,34.625,34.5625,34.375
12/9/2022, 17:18:0,34.5625,34.5625,34.4375
12/9/2022, 17:18:5,34.5625,34.5,34.4375
12/9/2022, 17:18:10,34.625,34.5625,34.5
12/9/2022, 17:18:15,34.625,34.625,34.5
12/9/2022, 17:18:20,34.625,34.625,34.5
12/9/2022, 17:18:25,34.6875,34.625,34.5
12/9/2022, 17:18:30,34.625,34.6875,34.5
12/9/2022, 17:18:35,34.625,34.625,34.5
12/9/2022, 17:18:40,34.6875,34.6875,34.5625
12/9/2022, 17:18:45,34.75,34.6875,34.625
12/9/2022, 17:18:50,34.6875,34.6875,34.5625
12/9/2022, 17:18:55,34.75,34.6875,34.625
12/9/2022, 17:19:0,34.75,34.75,34.625
12/9/2022, 17:19:5,34.75,34.75,34.625
12/9/2022, 17:19:10,34.75,34.75,34.625
12/9/2022, 17:19:15,34.8125,34.75,34.6875
12/9/2022, 17:19:20,34.8125,34.8125,34.6875
12/9/2022, 17:19:25,34.875,34.8125,34.6875
12/9/2022, 17:19:30,34.8125,34.8125,34.6875
12/9/2022, 17:19:35,34.875,34.8125,34.75
12/9/2022, 17:19:40,34.875,34.8125,34.75
12/9/2022, 17:19:45,34.875,34.875,34.75
12/9/2022, 17:19:50,34.875,34.9375,34.8125
12/9/2022, 17:19:55,34.9375,34.875,34.75
12/9/2022, 17:20:0,34.9375,34.875,34.8125
12/9/2022, 17:20:5,34.9375,34.875,34.8125
12/9/2022, 17:20:10,34.9375,34.875,34.8125
12/9/2022, 17:20:15,34.9375,34.9375,34.875
12/9/2022, 17:20:20,34.9375,34.9375,34.875
12/9/2022, 17:20:25,34.9375,34.9375,34.875
12/9/2022, 17:20:30,35,35,34.875
12/9/2022, 17:20:35,35.0625,35,34.9375
12/9/2022, 17:20:40,35.0625,35.0625,34.9375
12/9/2022, 17:20:45,35.0625,35,34.9375
12/9/2022, 17:20:50,35.0625,35.0625,34.875
12/9/2022, 17:20:55,35.0625,35.0625,35
12/9/2022, 17:21:0,35.0625,35.125,34.9375
12/9/2022, 17:21:5,35.1875,35.125,35
12/9/2022, 17:21:10,35.125,35.125,35
12/9/2022, 17:21:15,35.125,35.125,35.0625
12/9/2022, 17:21:20,35.1875,35.125,35.0625
12/9/2022, 17:21:25,35.125,35.125,35.0625
12/9/2022, 17:21:30,35.1875,35.1875,35.125
12/9/2022, 17:21:35,35.1875,35.1875,35.125
12/9/2022, 17:21:40,35.25,35.25,35.125
12/9/2022, 17:21:45,35.25,35.25,35.0625
12/9/2022, 17:21:50,35.25,35.25,35.125
12/9/2022, 17:21:55,35.3125,35.25,35.1875
12/9/2022, 17:22:0,35.25,35.25,35.1875
12/9/2022, 17:22:5,35.25,35.3125,35.125
12/9/2022, 17:22:10,35.3125,35.3125,35.1875
12/9/2022, 17:22:15,35.3125,35.25,35.1875
12/9/2022, 17:22:20,35.375,35.3125,35.25
12/9/2022, 17:22:25,35.375,35.3125,35.25
12/9/2022, 17:22:30,35.375,35.3125,35.25
12/9/2022, 17:22:35,35.375,35.375,35.25
12/9/2022, 17:22:40,35.375,35.375,35.3125
12/9/2022, 17:22:45,35.4375,35.375,35.3125
12/9/2022, 17:22:50,35.4375,35.375,35.3125
12/9/2022, 17:22:55,35.4375,35.4375,35.3125
12/9/2022, 17:23:0,35.5,35.4375,35.375
12/9/2022, 17:23:5,35.4375,35.5,35.3125
12/9/2022, 17:23:10,35.5,35.4375,35.375
12/9/2022, 17:23:15,35.5,35.5,35.375
12/9/2022, 17:23:20,35.5,35.5,35.4375
12/9/2022, 17:23:25,35.5625,35.5,35.4375
12/9/2022, 17:23:30,35.5625,35.5,35.4375
12/9/2022, 17:23:35,35.5625,35.5625,35.4375
12/9/2022, 17:23:40,35.5625,35.5625,35.4375
12/9/2022, 17:23:45,35.625,35.5625,35.5
12/9/2022, 17:23:50,35.625,35.5625,35.5
12/9/2022, 17:23:55,35.625,35.625,35.5
12/9/2022, 17:24:0,35.625,35.625,35.5625
12/9/2022, 17:24:5,35.6875,35.625,35.5
12/9/2022, 17:24:10,35.6875,35.625,35.5
12/9/2022, 17:24:15,35.6875,35.6875,35.5625
12/9/2022, 17:24:20,35.75,35.6875,35.5625
12/9/2022, 17:24:25,35.75,35.6875,35.625
12/9/2022, 17:24:30,35.6875,35.75,35.5625
12/9/2022, 17:24:35,35.75,35.6875,35.6875
12/9/2022, 17:24:40,35.75,35.6875,35.625
12/9/2022, 17:24:45,35.8125,35.75,35.625
12/9/2022, 17:24:50,35.8125,35.75,35.6875
12/9/2022, 17:24:55,35.8125,35.75,35.6875
12/9/2022, 17:25:0,35.8125,35.8125,35.6875
12/9/2022, 17:25:5,35.875,35.8125,35.75
12/9/2022, 17:25:10,35.8125,35.8125,35.6875
12/9/2022, 17:25:15,35.875,35.875,35.75
12/9/2022, 17:25:20,35.875,35.875,35.75
12/9/2022, 17:25:25,35.9375,35.875,35.75
12/9/2022, 17:25:30,35.9375,35.875,35.8125
12/9/2022, 17:25:35,36,35.875,35.75
12/9/2022, 17:25:40,35.9375,35.875,35.8125
12/9/2022, 17:25:45,35.9375,35.875,35.8125
12/9/2022, 17:25:50,35.9375,35.9375,35.8125
12/9/2022, 17:25:55,36,35.9375,35.875
12/9/2022, 17:26:0,36,35.9375,35.875
12/9/2022, 17:26:5,36,35.9375,35.875
12/9/2022, 17:26:10,36.0625,36,35.9375
12/9/2022, 17:26:15,36.0625,36,35.9375
12/9/2022, 17:26:20,36.0625,36.0625,35.9375
12/9/2022, 17:26:25,36.0625,36.0625,35.9375
12/9/2022, 17:26:30,36.0625,36,35.875
12/9/2022, 17:26:35,36.0625,36.0625,36
12/9/2022, 17:26:40,36.125,36.0625,36
12/9/2022, 17:26:45,36.0625,36.0625,36
12/9/2022, 17:26:50,36.125,36.125,35.9375
12/9/2022, 17:26:55,36.125,36.125,36.125
12/9/2022, 17:27:0,36.1875,36.125,36
12/9/2022, 17:27:5,36.1875,36.125,36.0625
12/9/2022, 17:27:10,36.1875,36.1875,36.0625
12/9/2022, 17:27:15,36.25,36.1875,36
12/9/2022, 17:27:20,36.25,36.1875,36.0625
12/9/2022, 17:27:25,36.25,36.1875,36.0625
12/9/2022, 17:27:30,36.25,36.25,36.125
12/9/2022, 17:27:35,36.25,36.25,36.125
12/9/2022, 17:27:40,36.25,36.25,36.1875
12/9/2022, 17:27:45,36.3125,36.25,36.1875
12/9/2022, 17:27:50,36.3125,36.3125,36.25
12/9/2022, 17:27:55,36.375,36.3125,36.1875
12/9/2022, 17:28:0,36.375,36.3125,36.1875
12/9/2022, 17:28:5,36.375,36.3125,36.25
12/9/2022, 17:28:10,36.375,36.375,36.25
12/9/2022, 17:28:15,36.375,36.3125,36.25
12/9/2022, 17:28:20,36.375,36.3125,36.25
12/9/2022, 17:28:25,36.4375,36.375,36.3125
12/9/2022, 17:28:30,36.4375,36.375,36.3125
12/9/2022, 17:28:35,36.4375,36.375,36.3125
12/9/2022, 17:28:40,36.4375,36.375,36.3125
12/9/2022, 17:28:45,36.5,36.4375,36.375
12/9/2022, 17:28:50,36.5,36.5,36.3125
12/9/2022, 17:28:55,36.5625,36.4375,36.375
12/9/2022, 17:29:0,36.5,36.5,36.375
12/9/2022, 17:29:5,36.5625,36.5,36.4375
12/9/2022, 17:29:10,36.5625,36.5,36.4375
12/9/2022, 17:29:15,36.5625,36.5,36.4375
12/9/2022, 17:29:20,36.625,36.5,36.4375
12/9/2022, 17:29:25,36.5625,36.5625,36.5
12/9/2022, 17:29:30,36.625,36.5625,36.5
12/9/2022, 17:29:35,36.625,36.5625,36.5
12/9/2022, 17:29:40,36.6875,36.5625,36.4375
12/9/2022, 17:29:45,36.625,36.625,36.5625
12/9/2022, 17:29:50,36.6875,36.625,36.5
12/9/2022, 17:29:55,36.625,36.625,36.5
12/9/2022, 17:30:0,36.6875,36.6875,36.5625
12/9/2022, 17:30:5,36.6875,36.6875,36.5
12/9/2022, 17:30:10,36.75,36.6875,36.5625
12/9/2022, 17:30:15,36.75,36.6875,36.5625
12/9/2022, 17:30:20,36.75,36.6875,36.5625
12/9/2022, 17:30:25,36.75,36.75,36.5625
12/9/2022, 17:30:30,36.75,36.6875,36.625
12/9/2022, 17:30:35,36.8125,36.75,36.6875
12/9/2022, 17:30:40,36.8125,36.75,36.625
12/9/2022, 17:30:45,36.8125,36.75,36.625
12/9/2022, 17:30:50,36.8125,36.75,36.6875
12/9/2022, 17:30:55,36.8125,36.8125,36.6875
12/9/2022, 17:31:0,36.875,36.8125,36.6875
12/9/2022, 17:31:5,36.875,36.8125,36.75
12/9/2022, 17:31:10,36.875,36.875,36.6875
12/9/2022, 17:31:15,36.875,36.875,36.75
12/9/2022, 17:31:20,36.9375,36.875,36.75
12/9/2022, 17:31:25,36.9375,36.875,36.75
12/9/2022, 17:31:30,36.9375,36.9375,36.8125
12/9/2022, 17:31:35,36.9375,36.9375,36.8125
12/9/2022, 17:31:40,37,36.9375,36.75
12/9/2022, 17:31:45,36.9375,37,36.75
12/9/2022, 17:31:50,37,36.9375,36.875
12/9/2022, 17:31:55,37,36.9375,36.8125
12/9/2022, 17:32:0,37.0625,37,36.8125
12/9/2022, 17:32:5,37.0625,37,36.875
12/9/2022, 17:32:10,37.0625,37,36.875
12/9/2022, 17:32:15,37.0625,37.0625,36.9375
12/9/2022, 17:32:20,37.0625,37.0625,36.9375
